sku,description,unit_price_usd,price_unit,gst,freight
SKU-001,3-ply RSC carton,0.067,per piece,IGST 18%,INR 18500 order freight
SKU-002,5-ply printed carton,0.074,per piece,IGST 18%,INR 18500 order freight
SKU-003,Die-cut mailer,0.082,per piece,IGST 18%,INR 18500 order freight
SKU-004,3-ply RSC carton,0.090,per piece,IGST 18%,INR 18500 order freight
SKU-005,5-ply printed carton,0.098,per piece,IGST 18%,INR 18500 order freight
SKU-006,Die-cut mailer,0.067,per piece,IGST 18%,INR 18500 order freight
SKU-007,3-ply RSC carton,0.074,per piece,IGST 18%,INR 18500 order freight
SKU-008,5-ply printed carton,0.082,per piece,IGST 18%,INR 18500 order freight
SKU-009,Die-cut mailer,0.090,per piece,IGST 18%,INR 18500 order freight
SKU-010,3-ply RSC carton,0.098,per piece,IGST 18%,INR 18500 order freight
SKU-011,5-ply printed carton,0.067,per piece,IGST 18%,INR 18500 order freight
SKU-012,Die-cut mailer,0.074,per piece,IGST 18%,INR 18500 order freight
SKU-013,3-ply RSC carton,0.082,per piece,IGST 18%,INR 18500 order freight
SKU-014,5-ply printed carton,0.090,per piece,IGST 18%,INR 18500 order freight
SKU-015,Die-cut mailer,0.098,per piece,IGST 18%,INR 18500 order freight
SKU-016,3-ply RSC carton,0.067,per piece,IGST 18%,INR 18500 order freight
SKU-017,5-ply printed carton,0.074,per piece,IGST 18%,INR 18500 order freight
SKU-018,Die-cut mailer,0.082,per piece,IGST 18%,INR 18500 order freight
SKU-019,3-ply RSC carton,0.090,per piece,IGST 18%,INR 18500 order freight
SKU-020,5-ply printed carton,0.098,per piece,IGST 18%,INR 18500 order freight
SKU-021,Die-cut mailer,0.067,per piece,IGST 18%,INR 18500 order freight
SKU-022,3-ply RSC carton,0.074,per piece,IGST 18%,INR 18500 order freight
SKU-023,5-ply printed carton,0.082,per piece,IGST 18%,INR 18500 order freight
SKU-024,Die-cut mailer,0.090,per piece,IGST 18%,INR 18500 order freight
SKU-025,3-ply RSC carton,0.098,per piece,IGST 18%,INR 18500 order freight
SKU-026,5-ply printed carton,0.067,per piece,IGST 18%,INR 18500 order freight
SKU-027,Die-cut mailer,0.074,per piece,IGST 18%,INR 18500 order freight
SKU-028,3-ply RSC carton,0.082,per piece,IGST 18%,INR 18500 order freight
SKU-029,5-ply printed carton,0.090,per piece,IGST 18%,INR 18500 order freight
SKU-030,Die-cut mailer,0.098,per piece,IGST 18%,INR 18500 order freight